File.Name,Plate
20250123_TIMSTOF_EV_kalai002_SA_EXT00_AMSBIO_01,P01
20250123_TIMSTOF_EV_kalai002_SA_EXT00_HD07,P01
20250123_TIMSTOF_EV_kalai002_SA_EXT00_R79,P01
20250123_TIMSTOF_EV_kalai002_SA_EXT00_R91,P01
20250123_TIMSTOF_EV_kalai002_SA_EXT00_R84,P01
20250123_TIMSTOF_EV_kalai002_SA_EXT00_R72,P01
20250123_TIMSTOF_EV_kalai002_SA_EXT00_R59,P01
20250123_TIMSTOF_EV_kalai002_SA_EXT00_R69,P01
20250123_TIMSTOF_EV_kalai002_SA_EXT00_R81,P01
20250123_TIMSTOF_EV_kalai002_SA_EXT00_R70,P01
20250123_TIMSTOF_EV_kalai002_SA_EXT00_R86,P01
20250123_TIMSTOF_EV_kalai002_SA_EXT00_R64,P01
20250123_TIMSTOF_EV_kalai002_SA_EXT00_HD01,P01
20250123_TIMSTOF_EV_kalai002_SA_EXT00_AMSBIO_02,P01
20250123_TIMSTOF_EV_kalai002_SA_EXT00_R56,P01
20250123_TIMSTOF_EV_kalai002_SA_EXT00_R85,P01
20250123_TIMSTOF_EV_kalai002_SA_EXT00_R63,P01
20250123_TIMSTOF_EV_kalai002_SA_EXT00_R74,P01
20250123_TIMSTOF_EV_kalai002_SA_EXT00_R58,P01
20250123_TIMSTOF_EV_kalai002_SA_EXT00_R83,P01
20250123_TIMSTOF_EV_kalai002_SA_EXT00_R77,P01
20250123_TIMSTOF_EV_kalai002_SA_EXT00_R80,P01
20250123_TIMSTOF_EV_kalai002_SA_EXT00_R60,P01
20250123_TIMSTOF_EV_kalai002_SA_EXT00_R88,P01
20250123_TIMSTOF_EV_kalai002_SA_EXT00_R71,P01
20250123_TIMSTOF_EV_kalai002_SA_EXT00_R82,P01
20250123_TIMSTOF_EV_kalai002_SA_EXT00_AMSBIO_03,P01
20250123_TIMSTOF_EV_kalai002_SA_EXT00_HD10,P01
20250123_TIMSTOF_EV_kalai002_SA_EXT00_R78,P01
20250123_TIMSTOF_EV_kalai002_SA_EXT00_R89,P01
20250123_TIMSTOF_EV_kalai002_SA_EXT00_R75,P01
20250123_TIMSTOF_EV_kalai002_SA_EXT00_R65,P01
20250123_TIMSTOF_EV_kalai002_SA_EXT00_HD02,P01
20250123_TIMSTOF_EV_kalai002_SA_EXT00_R73,P01
20250123_TIMSTOF_EV_kalai002_SA_EXT00_R90,P01
20250123_TIMSTOF_EV_kalai002_SA_EXT00_HD08,P01
20250123_TIMSTOF_EV_kalai002_SA_EXT00_R68,P01
20250123_TIMSTOF_EV_kalai002_SA_EXT00_R61,P01
20250123_TIMSTOF_EV_kalai002_SA_EXT00_A91,P01
20250123_TIMSTOF_EV_kalai002_SA_EXT00_AMSBIO_04,P01
20250123_TIMSTOF_EV_kalai002_SA_EXT00_A83,P01
20250123_TIMSTOF_EV_kalai002_SA_EXT00_A84,P01
20250123_TIMSTOF_EV_kalai002_SA_EXT00_A85,P01
20250123_TIMSTOF_EV_kalai002_SA_EXT00_A86,P01
20250123_TIMSTOF_EV_kalai002_SA_EXT00_A79,P01
20250123_TIMSTOF_EV_kalai002_SA_EXT00_A87,P01
20250123_TIMSTOF_EV_kalai002_SA_EXT00_A82,P01
20250123_TIMSTOF_EV_kalai002_SA_EXT00_A88,P01
20250123_TIMSTOF_EV_kalai002_SA_EXT00_A71,P01
20250123_TIMSTOF_EV_kalai002_SA_EXT00_A89,P01
20250123_TIMSTOF_EV_kalai002_SA_EXT00_A78,P01
20250123_TIMSTOF_EV_kalai002_SA_EXT00_A61,P01
20250123_TIMSTOF_EV_kalai002_SA_EXT00_AMSBIO_05,P01
20250123_TIMSTOF_EV_kalai002_SA_EXT00_A90,P01
20250123_TIMSTOF_EV_kalai002_SA_EXT00_A80,P01
20250123_TIMSTOF_EV_kalai002_SA_EXT00_A77,P01
20250123_TIMSTOF_EV_kalai002_SA_EXT00_A76,P01
20250123_TIMSTOF_EV_kalai002_SA_EXT00_A74,P01
20250123_TIMSTOF_EV_kalai002_SA_EXT00_A73,P01
20250123_TIMSTOF_EV_kalai002_SA_EXT00_A72,P01
20250123_TIMSTOF_EV_kalai002_SA_EXT00_A70,P01
20250123_TIMSTOF_EV_kalai002_SA_EXT00_A60,P01
20250123_TIMSTOF_EV_kalai002_SA_EXT00_A51,P01
20250123_TIMSTOF_EV_kalai002_SA_EXT00_A64,P01
20250123_TIMSTOF_EV_kalai002_SA_EXT00_A63,P01
20250123_TIMSTOF_EV_kalai002_SA_EXT00_AMSBIO_06,P01
20250123_TIMSTOF_EV_kalai002_SA_EXT00_A65,P01
20250123_TIMSTOF_EV_kalai002_SA_EXT00_A66,P01
20250123_TIMSTOF_EV_kalai002_SA_EXT00_A67,P01
20250123_TIMSTOF_EV_kalai002_SA_EXT00_A68,P01
20250123_TIMSTOF_EV_kalai002_SA_EXT00_A69,P01
20250123_TIMSTOF_EV_kalai002_SA_EXT00_A52,P01
20250123_TIMSTOF_EV_kalai002_SA_EXT00_A53,P01
20250123_TIMSTOF_EV_kalai002_SA_EXT00_A55,P01
20250123_TIMSTOF_EV_kalai002_SA_EXT00_A54,P01
20250123_TIMSTOF_EV_kalai002_SA_EXT00_A56,P01
20250123_TIMSTOF_EV_kalai002_SA_EXT00_A58,P01
20250123_TIMSTOF_EV_kalai002_SA_EXT00_A59,P01
20250123_TIMSTOF_EV_kalai002_SA_EXT00_A41,P01
20250123_TIMSTOF_EV_kalai002_SA_EXT00_A42,P01
20250123_TIMSTOF_EV_kalai002_SA_EXT00_A43,P01
20250123_TIMSTOF_EV_kalai002_SA_EXT00_A44,P01
20250123_TIMSTOF_EV_kalai002_SA_EXT00_A46,P01
20250123_TIMSTOF_EV_kalai002_SA_EXT00_A47,P01
20250123_TIMSTOF_EV_kalai002_SA_EXT00_A48,P01
20250123_TIMSTOF_EV_kalai002_SA_EXT00_A49,P01
20250123_TIMSTOF_EV_kalai002_SA_EXT00_E53,P01
20250123_TIMSTOF_EV_kalai002_SA_EXT00_E2,P01
20250123_TIMSTOF_EV_kalai002_SA_EXT00_E34,P01
20250123_TIMSTOF_EV_kalai002_SA_EXT00_HD09,P01
20250123_TIMSTOF_EV_kalai002_SA_EXT00_E1,P01
20250123_TIMSTOF_EV_kalai002_SA_EXT00_AMSBIO_7,P02
20250123_TIMSTOF_EV_kalai002_SA_EXT00_C64,P02
20250123_TIMSTOF_EV_kalai002_SA_EXT00_C83,P02
20250123_TIMSTOF_EV_kalai002_SA_EXT00_C38,P02
20250123_TIMSTOF_EV_kalai002_SA_EXT00_C85,P02
20250123_TIMSTOF_EV_kalai002_SA_EXT00_C47,P02
20250123_TIMSTOF_EV_kalai002_SA_EXT00_C75,P02
20250123_TIMSTOF_EV_kalai002_SA_EXT00_C60,P02
20250123_TIMSTOF_EV_kalai002_SA_EXT00_C91,P02
20250123_TIMSTOF_EV_kalai002_SA_EXT00_C73,P02
20250123_TIMSTOF_EV_kalai002_SA_EXT00_C37,P02
20250123_TIMSTOF_EV_kalai002_SA_EXT00_C82,P02
20250123_TIMSTOF_EV_kalai002_SA_EXT00_C63,P02
20250123_TIMSTOF_EV_kalai002_SA_EXT00_AMSBIO_8,P02
20250123_TIMSTOF_EV_kalai002_SA_EXT00_HD06,P02
20250123_TIMSTOF_EV_kalai002_SA_EXT00_C56,P02
20250123_TIMSTOF_EV_kalai002_SA_EXT00_C86,P02
20250123_TIMSTOF_EV_kalai002_SA_EXT00_C52,P02
20250123_TIMSTOF_EV_kalai002_SA_EXT00_C66,P02
20250123_TIMSTOF_EV_kalai002_SA_EXT00_C31,P02
20250123_TIMSTOF_EV_kalai002_SA_EXT00_C84,P02
20250123_TIMSTOF_EV_kalai002_SA_EXT00_C50,P02
20250123_TIMSTOF_EV_kalai002_SA_EXT00_C92,P02
20250123_TIMSTOF_EV_kalai002_SA_EXT00_C62,P02
20250123_TIMSTOF_EV_kalai002_SA_EXT00_C54,P02
20250123_TIMSTOF_EV_kalai002_SA_EXT00_C77,P02
20250123_TIMSTOF_EV_kalai002_SA_EXT00_AMSBIO_9,P02
20250123_TIMSTOF_EV_kalai002_SA_EXT00_C34,P02
20250123_TIMSTOF_EV_kalai002_SA_EXT00_C67,P02
20250123_TIMSTOF_EV_kalai002_SA_EXT00_C74,P02
20250123_TIMSTOF_EV_kalai002_SA_EXT00_C90,P02
20250123_TIMSTOF_EV_kalai002_SA_EXT00_C48,P02
20250123_TIMSTOF_EV_kalai002_SA_EXT00_C72,P02
20250123_TIMSTOF_EV_kalai002_SA_EXT00_HD03,P02
20250123_TIMSTOF_EV_kalai002_SA_EXT00_C88,P02
20250123_TIMSTOF_EV_kalai002_SA_EXT00_C80,P02
20250123_TIMSTOF_EV_kalai002_SA_EXT00_C49,P02
20250123_TIMSTOF_EV_kalai002_SA_EXT00_C61,P02
20250123_TIMSTOF_EV_kalai002_SA_EXT00_C71,P02
20250123_TIMSTOF_EV_kalai002_SA_EXT00_AMSBIO_10,P02
20250123_TIMSTOF_EV_kalai002_SA_EXT00_C65,P02
20250123_TIMSTOF_EV_kalai002_SA_EXT00_C79,P02
20250123_TIMSTOF_EV_kalai002_SA_EXT00_C69,P02
20250123_TIMSTOF_EV_kalai002_SA_EXT00_C78,P02
20250123_TIMSTOF_EV_kalai002_SA_EXT00_C53,P02
20250123_TIMSTOF_EV_kalai002_SA_EXT00_C70,P02
20250123_TIMSTOF_EV_kalai002_SA_EXT00_C81,P02
20250123_TIMSTOF_EV_kalai002_SA_EXT00_C51,P02
20250123_TIMSTOF_EV_kalai002_SA_EXT00_C89,P02
20250123_TIMSTOF_EV_kalai002_SA_EXT00_C68,P02
20250123_TIMSTOF_EV_kalai002_SA_EXT00_C55,P02
20250123_TIMSTOF_EV_kalai002_SA_EXT00_E56,P02
20250123_TIMSTOF_EV_kalai002_SA_EXT00_AMSBIO_11,P02
20250123_TIMSTOF_EV_kalai002_SA_EXT00_E15,P02
20250123_TIMSTOF_EV_kalai002_SA_EXT00_E67,P02
20250123_TIMSTOF_EV_kalai002_SA_EXT00_E86,P02
20250123_TIMSTOF_EV_kalai002_SA_EXT00_E32,P02
20250123_TIMSTOF_EV_kalai002_SA_EXT00_E24,P02
20250123_TIMSTOF_EV_kalai002_SA_EXT00_E88,P02
20250123_TIMSTOF_EV_kalai002_SA_EXT00_E42,P02
20250123_TIMSTOF_EV_kalai002_SA_EXT00_E69,P02
20250123_TIMSTOF_EV_kalai002_SA_EXT00_E25,P02
20250123_TIMSTOF_EV_kalai002_SA_EXT00_E85,P02
20250123_TIMSTOF_EV_kalai002_SA_EXT00_E21,P02
20250123_TIMSTOF_EV_kalai002_SA_EXT00_E76,P02
20250123_TIMSTOF_EV_kalai002_SA_EXT00_AMSBIO_12,P02
20250123_TIMSTOF_EV_kalai002_SA_EXT00_E11,P02
20250123_TIMSTOF_EV_kalai002_SA_EXT00_E78,P02
20250123_TIMSTOF_EV_kalai002_SA_EXT00_E43,P02
20250123_TIMSTOF_EV_kalai002_SA_EXT00_E6,P02
20250123_TIMSTOF_EV_kalai002_SA_EXT00_E74,P02
20250123_TIMSTOF_EV_kalai002_SA_EXT00_E14,P02
20250123_TIMSTOF_EV_kalai002_SA_EXT00_HD05,P02
20250123_TIMSTOF_EV_kalai002_SA_EXT00_E83,P02
20250123_TIMSTOF_EV_kalai002_SA_EXT00_E35,P02
20250123_TIMSTOF_EV_kalai002_SA_EXT00_E68,P02
20250123_TIMSTOF_EV_kalai002_SA_EXT00_E47,P02
20250123_TIMSTOF_EV_kalai002_SA_EXT00_E75,P02
20250123_TIMSTOF_EV_kalai002_SA_EXT00_E23,P02
20250123_TIMSTOF_EV_kalai002_SA_EXT00_E36,P02
20250123_TIMSTOF_EV_kalai002_SA_EXT00_E59,P02
20250123_TIMSTOF_EV_kalai002_SA_EXT00_E4,P02
20250123_TIMSTOF_EV_kalai002_SA_EXT00_E22,P02
20250123_TIMSTOF_EV_kalai002_SA_EXT00_E84,P02
20250123_TIMSTOF_EV_kalai002_SA_EXT00_E13,P02
20250123_TIMSTOF_EV_kalai002_SA_EXT00_E77,P02
20250123_TIMSTOF_EV_kalai002_SA_EXT00_E44,P02
20250123_TIMSTOF_EV_kalai002_SA_EXT00_E65,P02
20250123_TIMSTOF_EV_kalai002_SA_EXT00_E12,P02
20250123_TIMSTOF_EV_kalai002_SA_EXT00_E54,P02
20250123_TIMSTOF_EV_kalai002_SA_EXT00_E48,P02
20250123_TIMSTOF_EV_kalai002_SA_EXT00_E33,P02
20250123_TIMSTOF_EV_kalai002_SA_EXT00_HD04,P02
20250123_TIMSTOF_EV_kalai002_SA_EXT00_E55,P02
20250123_TIMSTOF_EV_kalai002_SA_EXT00_E3,P02
20250123_TIMSTOF_EV_kalai002_SA_EXT00_E66,P02
20250205_TTHT_EV_kalai002_SA_EXT00_B2_AMSBIO_01,P03
20250205_TTHT_EV_kalai002_SA_EXT00_B2_HD03,P03
20250205_TTHT_EV_kalai002_SA_EXT00_B2_R48,P03
20250205_TTHT_EV_kalai002_SA_EXT00_B2_R23,P03
20250205_TTHT_EV_kalai002_SA_EXT00_B2_R6,P03
20250205_TTHT_EV_kalai002_SA_EXT00_B2_R32,P03
20250205_TTHT_EV_kalai002_SA_EXT00_B2_R40,P03
20250205_TTHT_EV_kalai002_SA_EXT00_B2_R10,P03
20250205_TTHT_EV_kalai002_SA_EXT00_B2_R49,P03
20250205_TTHT_EV_kalai002_SA_EXT00_B2_R4,P03
20250205_TTHT_EV_kalai002_SA_EXT00_B2_R43,P03
20250205_TTHT_EV_kalai002_SA_EXT00_B2_R28,P03
20250205_TTHT_EV_kalai002_SA_EXT00_B2_AMSBIO_02,P03
20250205_TTHT_EV_kalai002_SA_EXT00_B2_R3,P03
20250205_TTHT_EV_kalai002_SA_EXT00_B2_R50,P03
20250205_TTHT_EV_kalai002_SA_EXT00_B2_R42,P03
20250205_TTHT_EV_kalai002_SA_EXT00_B2_R31,P03
20250205_TTHT_EV_kalai002_SA_EXT00_B2_R13,P03
20250205_TTHT_EV_kalai002_SA_EXT00_B2_R51,P03
20250205_TTHT_EV_kalai002_SA_EXT00_B2_R27,P03
20250205_TTHT_EV_kalai002_SA_EXT00_B2_R5,P03
20250205_TTHT_EV_kalai002_SA_EXT00_B2_R21,P03
20250205_TTHT_EV_kalai002_SA_EXT00_B2_R54,P03
20250205_TTHT_EV_kalai002_SA_EXT00_B2_R19,P03
20250205_TTHT_EV_kalai002_SA_EXT00_B2_AMSBIO_03,P03
20250205_TTHT_EV_kalai002_SA_EXT00_B2_R44,P03
20250205_TTHT_EV_kalai002_SA_EXT00_B2_R12,P03
20250205_TTHT_EV_kalai002_SA_EXT00_B2_R47,P03
20250205_TTHT_EV_kalai002_SA_EXT00_B2_R22,P03
20250205_TTHT_EV_kalai002_SA_EXT00_B2_R38,P03
20250205_TTHT_EV_kalai002_SA_EXT00_B2_R17,P03
20250205_TTHT_EV_kalai002_SA_EXT00_B2_R52,P03
20250205_TTHT_EV_kalai002_SA_EXT00_B2_R26,P03
20250205_TTHT_EV_kalai002_SA_EXT00_B2_R2,P03
20250205_TTHT_EV_kalai002_SA_EXT00_B2_R20,P03
20250205_TTHT_EV_kalai002_SA_EXT00_B2_R1,P03
20250205_TTHT_EV_kalai002_SA_EXT00_B2_AMSBIO_04,P03
20250205_TTHT_EV_kalai002_SA_EXT00_B2_C30,P03
20250205_TTHT_EV_kalai002_SA_EXT00_B2_C55,P03
20250205_TTHT_EV_kalai002_SA_EXT00_B2_C16,P03
20250205_TTHT_EV_kalai002_SA_EXT00_B2_C24,P03
20250205_TTHT_EV_kalai002_SA_EXT00_B2_C40,P03
20250205_TTHT_EV_kalai002_SA_EXT00_B2_C22,P03
20250205_TTHT_EV_kalai002_SA_EXT00_B2_C7,P03
20250205_TTHT_EV_kalai002_SA_EXT00_B2_C45,P03
20250205_TTHT_EV_kalai002_SA_EXT00_B2_C9,P03
20250205_TTHT_EV_kalai002_SA_EXT00_B2_C44,P03
20250205_TTHT_EV_kalai002_SA_EXT00_B2_C19,P03
20250205_TTHT_EV_kalai002_SA_EXT00_B2_C43,P03
20250205_TTHT_EV_kalai002_SA_EXT00_B2_C6,P03
20250205_TTHT_EV_kalai002_SA_EXT00_B2_C21,P03
20250205_TTHT_EV_kalai002_SA_EXT00_B2_C27,P03
20250205_TTHT_EV_kalai002_SA_EXT00_B2_C42,P03
20250205_TTHT_EV_kalai002_SA_EXT00_B2_C4,P03
20250205_TTHT_EV_kalai002_SA_EXT00_B2_C28,P03
20250205_TTHT_EV_kalai002_SA_EXT00_B2_C14,P03
20250205_TTHT_EV_kalai002_SA_EXT00_B2_C25,P03
20250205_TTHT_EV_kalai002_SA_EXT00_B2_C17,P03
20250205_TTHT_EV_kalai002_SA_EXT00_B2_C3,P03
20250205_TTHT_EV_kalai002_SA_EXT00_B2_C23,P03
20250205_TTHT_EV_kalai002_SA_EXT00_B2_AMSBIO_06,P04
20250205_TTHT_EV_kalai002_SA_EXT00_B2_A26,P04
20250205_TTHT_EV_kalai002_SA_EXT00_B2_A16,P04
20250205_TTHT_EV_kalai002_SA_EXT00_B2_A50,P04
20250205_TTHT_EV_kalai002_SA_EXT00_B2_A10,P04
20250205_TTHT_EV_kalai002_SA_EXT00_B2_A35,P04
20250205_TTHT_EV_kalai002_SA_EXT00_B2_A18,P04
20250205_TTHT_EV_kalai002_SA_EXT00_B2_A7,P04
20250205_TTHT_EV_kalai002_SA_EXT00_B2_A12,P04
20250205_TTHT_EV_kalai002_SA_EXT00_B2_A32,P04
20250205_TTHT_EV_kalai002_SA_EXT00_B2_A17,P04
20250205_TTHT_EV_kalai002_SA_EXT00_B2_A3,P04
20250205_TTHT_EV_kalai002_SA_EXT00_B2_AMSBIO_07,P04
20250205_TTHT_EV_kalai002_SA_EXT00_B2_A5,P04
20250205_TTHT_EV_kalai002_SA_EXT00_B2_A38,P04
20250205_TTHT_EV_kalai002_SA_EXT00_B2_A6,P04
20250205_TTHT_EV_kalai002_SA_EXT00_B2_A39,P04
20250205_TTHT_EV_kalai002_SA_EXT00_B2_A2,P04
20250205_TTHT_EV_kalai002_SA_EXT00_B2_A29,P04
20250205_TTHT_EV_kalai002_SA_EXT00_B2_A11,P04
20250205_TTHT_EV_kalai002_SA_EXT00_B2_A20,P04
20250205_TTHT_EV_kalai002_SA_EXT00_B2_A40,P04
20250205_TTHT_EV_kalai002_SA_EXT00_B2_A21,P04
20250205_TTHT_EV_kalai002_SA_EXT00_B2_A13,P04
20250205_TTHT_EV_kalai002_SA_EXT00_B2_AMSBIO_08,P04
20250205_TTHT_EV_kalai002_SA_EXT00_B2_A22,P04
20250205_TTHT_EV_kalai002_SA_EXT00_B2_A1,P04
20250205_TTHT_EV_kalai002_SA_EXT00_B2_A19,P04
20250205_TTHT_EV_kalai002_SA_EXT00_B2_HD06,P04
20250205_TTHT_EV_kalai002_SA_EXT00_B2_E10,P04
20250205_TTHT_EV_kalai002_SA_EXT00_B2_E71,P04
20250205_TTHT_EV_kalai002_SA_EXT00_B2_E37,P04
20250205_TTHT_EV_kalai002_SA_EXT00_B2_E7,P04
20250205_TTHT_EV_kalai002_SA_EXT00_B2_E90,P04
20250205_TTHT_EV_kalai002_SA_EXT00_B2_E63,P04
20250205_TTHT_EV_kalai002_SA_EXT00_B2_E8,P04
20250205_TTHT_EV_kalai002_SA_EXT00_B2_AMSBIO_09,P04
20250205_TTHT_EV_kalai002_SA_EXT00_B2_E79,P04
20250205_TTHT_EV_kalai002_SA_EXT00_B2_E50,P04
20250205_TTHT_EV_kalai002_SA_EXT00_B2_E29,P04
20250205_TTHT_EV_kalai002_SA_EXT00_B2_E40,P04
20250205_TTHT_EV_kalai002_SA_EXT00_B2_E82,P04
20250205_TTHT_EV_kalai002_SA_EXT00_B2_E39,P04
20250205_TTHT_EV_kalai002_SA_EXT00_B2_E89,P04
20250205_TTHT_EV_kalai002_SA_EXT00_B2_E17,P04
20250205_TTHT_EV_kalai002_SA_EXT00_B2_E72,P04
20250205_TTHT_EV_kalai002_SA_EXT00_B2_E64,P04
20250205_TTHT_EV_kalai002_SA_EXT00_B2_E81,P04
20250205_TTHT_EV_kalai002_SA_EXT00_B2_E73,P04
20250205_TTHT_EV_kalai002_SA_EXT00_B2_E19,P04
20250205_TTHT_EV_kalai002_SA_EXT00_B2_E60,P04
20250205_TTHT_EV_kalai002_SA_EXT00_B2_E31,P04
20250205_TTHT_EV_kalai002_SA_EXT00_B2_E49,P04
20250205_TTHT_EV_kalai002_SA_EXT00_B2_E80,P04
20250205_TTHT_EV_kalai002_SA_EXT00_B2_E20,P04
20250205_TTHT_EV_kalai002_SA_EXT00_B2_E51,P04
20250205_TTHT_EV_kalai002_SA_EXT00_B2_E9,P04
20250205_TTHT_EV_kalai002_SA_EXT00_B2_E70,P04
20250205_TTHT_EV_kalai002_SA_EXT00_B2_E27,P04
20250205_TTHT_EV_kalai002_SA_EXT00_B2_E28,P04
20250205_TTHT_EV_kalai002_SA_EXT00_B2_E52,P04
20250205_TTHT_EV_kalai002_SA_EXT00_B2_E16,P04
20250207_TTHT_EV_kalai002_SA_EXT00_B3_R28,P05
20250207_TTHT_EV_kalai002_SA_EXT00_B3_R50,P05
20250207_TTHT_EV_kalai002_SA_EXT00_B3_R44,P05
20250207_TTHT_EV_kalai002_SA_EXT00_B3_AMSBIO_04,P05
20250207_TTHT_EV_kalai002_SA_EXT00_B3_C19,P05
20250207_TTHT_EV_kalai002_SA_EXT00_B3_C3,P05
20250207_TTHT_EV_kalai002_SA_EXT00_B3_R55,P05
20250207_TTHT_EV_kalai002_SA_EXT00_B3_R16,P05
20250207_TTHT_EV_kalai002_SA_EXT00_B3_R53,P05
20250207_TTHT_EV_kalai002_SA_EXT00_B3_R24,P05
20250207_TTHT_EV_kalai002_SA_EXT00_B3_AMSBIO_05,P05
20250207_TTHT_EV_kalai002_SA_EXT00_B3_C20,P05
20250207_TTHT_EV_kalai002_SA_EXT00_B3_A50,P05
20250207_TTHT_EV_kalai002_SA_EXT00_B3_A38,P05
20250207_TTHT_EV_kalai002_SA_EXT00_B3_A22,P05
20250207_TTHT_EV_kalai002_SA_EXT00_B3_AMSBIO_09,P05
20250207_TTHT_EV_kalai002_SA_EXT00_B3_E81,P05
20250207_TTHT_EV_kalai002_SA_EXT00_B3_E27,P05
20250207_TTHT_EV_kalai002_SA_EXT00_B3_A23,P05
20250207_TTHT_EV_kalai002_SA_EXT00_B3_A15,P05
20250207_TTHT_EV_kalai002_SA_EXT00_B3_A4,P05
20250207_TTHT_EV_kalai002_SA_EXT00_B3_E38,P05
20250207_TTHT_EV_kalai002_SA_EXT00_B3_AMSBIO_10,P05
20250207_TTHT_EV_kalai002_SA_EXT00_B3_E61,P05
20250207_TTHT_EV_kalai002_SA_EXT00_B3_C54,P05
20250207_TTHT_EV_kalai002_SA_EXT00_B3_C49,P05
20250207_TTHT_EV_kalai002_SA_EXT00_B3_C54_correct,P05
20250207_TTHT_EV_kalai002_SA_EXT00_B3_C61,P05
